"","item_pair","avg_clustered","sd","n"
"1","VCS_10-VCS_100",0.037037037037037,0.192450089729875,27
"2","VCS_10-VCS_110",0.037037037037037,0.192450089729875,27
"3","VCS_10-VCS_120",0.037037037037037,0.192450089729875,27
"4","VCS_10-VCS_130",0.037037037037037,0.192450089729875,27
"5","VCS_10-VCS_140",0.037037037037037,0.192450089729875,27
"6","VCS_10-VCS_150",0,0,27
"7","VCS_10-VCS_160",0,0,27
"8","VCS_10-VCS_170",0.037037037037037,0.192450089729875,27
"9","VCS_10-VCS_180",0,0,27
"10","VCS_10-VCS_190",0.0740740740740741,0.266880256341812,27
"11","VCS_10-VCS_20",0.703703703703704,0.465321626968075,27
"12","VCS_10-VCS_200",0.148148148148148,0.362013992898246,27
"13","VCS_10-VCS_210",0.111111111111111,0.320256307610174,27
"14","VCS_10-VCS_220",0.111111111111111,0.320256307610174,27
"15","VCS_10-VCS_230",0.0740740740740741,0.266880256341812,27
"16","VCS_10-VCS_240",0.111111111111111,0.320256307610174,27
"17","VCS_10-VCS_250",0.0740740740740741,0.266880256341812,27
"18","VCS_10-VCS_260",0.0740740740740741,0.266880256341812,27
"19","VCS_10-VCS_270",0.0740740740740741,0.266880256341812,27
"20","VCS_10-VCS_280",0.0740740740740741,0.266880256341812,27
"21","VCS_10-VCS_290",0.0740740740740741,0.266880256341812,27
"22","VCS_10-VCS_30",0.666666666666667,0.480384461415261,27
"23","VCS_10-VCS_300",0.148148148148148,0.362013992898246,27
"24","VCS_10-VCS_310",0.222222222222222,0.423659272868162,27
"25","VCS_10-VCS_320",0.481481481481481,0.509175077217316,27
"26","VCS_10-VCS_330",0.518518518518518,0.509175077217316,27
"27","VCS_10-VCS_340",0.592592592592593,0.50071174413254,27
"28","VCS_10-VCS_350",0.740740740740741,0.446576084704722,27
"29","VCS_10-VCS_360",0.777777777777778,0.423659272868162,27
"30","VCS_10-VCS_40",0.518518518518518,0.509175077217316,27
"31","VCS_10-VCS_50",0.518518518518518,0.509175077217316,27
"32","VCS_10-VCS_60",0.37037037037037,0.492102877623411,27
"33","VCS_10-VCS_70",0.185185185185185,0.39584739066357,27
"34","VCS_10-VCS_80",0.037037037037037,0.192450089729875,27
"35","VCS_10-VCS_90",0.037037037037037,0.192450089729875,27
"36","VCS_100-VCS_110",1,0,27
"37","VCS_100-VCS_120",0.814814814814815,0.39584739066357,27
"38","VCS_100-VCS_130",0.777777777777778,0.423659272868162,27
"39","VCS_100-VCS_140",0.592592592592593,0.50071174413254,27
"40","VCS_100-VCS_150",0.407407407407407,0.50071174413254,27
"41","VCS_100-VCS_160",0.259259259259259,0.446576084704722,27
"42","VCS_100-VCS_170",0.111111111111111,0.320256307610174,27
"43","VCS_100-VCS_180",0.148148148148148,0.362013992898246,27
"44","VCS_100-VCS_190",0.111111111111111,0.320256307610174,27
"45","VCS_100-VCS_20",0.111111111111111,0.320256307610174,27
"46","VCS_100-VCS_200",0.037037037037037,0.192450089729875,27
"47","VCS_100-VCS_210",0.037037037037037,0.192450089729875,27
"48","VCS_100-VCS_220",0.037037037037037,0.192450089729875,27
"49","VCS_100-VCS_230",0.0740740740740741,0.266880256341812,27
"50","VCS_100-VCS_240",0.037037037037037,0.192450089729875,27
"51","VCS_100-VCS_250",0.0740740740740741,0.266880256341812,27
"52","VCS_100-VCS_260",0.111111111111111,0.320256307610174,27
"53","VCS_100-VCS_270",0.111111111111111,0.320256307610174,27
"54","VCS_100-VCS_280",0.0740740740740741,0.266880256341812,27
"55","VCS_100-VCS_290",0.111111111111111,0.320256307610174,27
"56","VCS_100-VCS_30",0.111111111111111,0.320256307610174,27
"57","VCS_100-VCS_300",0.111111111111111,0.320256307610174,27
"58","VCS_100-VCS_310",0.111111111111111,0.320256307610174,27
"59","VCS_100-VCS_320",0.0740740740740741,0.266880256341812,27
"60","VCS_100-VCS_330",0.037037037037037,0.192450089729875,27
"61","VCS_100-VCS_340",0.0740740740740741,0.266880256341812,27
"62","VCS_100-VCS_350",0.037037037037037,0.192450089729875,27
"63","VCS_100-VCS_360",0.037037037037037,0.192450089729875,27
"64","VCS_100-VCS_40",0.148148148148148,0.362013992898246,27
"65","VCS_100-VCS_50",0.148148148148148,0.362013992898246,27
"66","VCS_100-VCS_60",0.333333333333333,0.480384461415261,27
"67","VCS_100-VCS_70",0.555555555555556,0.506369683541833,27
"68","VCS_100-VCS_80",0.851851851851852,0.362013992898246,27
"69","VCS_100-VCS_90",0.888888888888889,0.320256307610174,27
"70","VCS_110-VCS_120",0.814814814814815,0.39584739066357,27
"71","VCS_110-VCS_130",0.777777777777778,0.423659272868162,27
"72","VCS_110-VCS_140",0.592592592592593,0.50071174413254,27
"73","VCS_110-VCS_150",0.407407407407407,0.50071174413254,27
"74","VCS_110-VCS_160",0.259259259259259,0.446576084704722,27
"75","VCS_110-VCS_170",0.111111111111111,0.320256307610174,27
"76","VCS_110-VCS_180",0.148148148148148,0.362013992898246,27
"77","VCS_110-VCS_190",0.111111111111111,0.320256307610174,27
"78","VCS_110-VCS_20",0.111111111111111,0.320256307610174,27
"79","VCS_110-VCS_200",0.037037037037037,0.192450089729875,27
"80","VCS_110-VCS_210",0.037037037037037,0.192450089729875,27
"81","VCS_110-VCS_220",0.037037037037037,0.192450089729875,27
"82","VCS_110-VCS_230",0.0740740740740741,0.266880256341812,27
"83","VCS_110-VCS_240",0.037037037037037,0.192450089729875,27
"84","VCS_110-VCS_250",0.0740740740740741,0.266880256341812,27
"85","VCS_110-VCS_260",0.111111111111111,0.320256307610174,27
"86","VCS_110-VCS_270",0.111111111111111,0.320256307610174,27
"87","VCS_110-VCS_280",0.0740740740740741,0.266880256341812,27
"88","VCS_110-VCS_290",0.111111111111111,0.320256307610174,27
"89","VCS_110-VCS_30",0.111111111111111,0.320256307610174,27
"90","VCS_110-VCS_300",0.111111111111111,0.320256307610174,27
"91","VCS_110-VCS_310",0.111111111111111,0.320256307610174,27
"92","VCS_110-VCS_320",0.0740740740740741,0.266880256341812,27
"93","VCS_110-VCS_330",0.037037037037037,0.192450089729875,27
"94","VCS_110-VCS_340",0.0740740740740741,0.266880256341812,27
"95","VCS_110-VCS_350",0.037037037037037,0.192450089729875,27
"96","VCS_110-VCS_360",0.037037037037037,0.192450089729875,27
"97","VCS_110-VCS_40",0.148148148148148,0.362013992898246,27
"98","VCS_110-VCS_50",0.148148148148148,0.362013992898246,27
"99","VCS_110-VCS_60",0.333333333333333,0.480384461415261,27
"100","VCS_110-VCS_70",0.555555555555556,0.506369683541833,27
"101","VCS_110-VCS_80",0.851851851851852,0.362013992898246,27
"102","VCS_110-VCS_90",0.888888888888889,0.320256307610174,27
"103","VCS_120-VCS_130",0.814814814814815,0.39584739066357,27
"104","VCS_120-VCS_140",0.740740740740741,0.446576084704722,27
"105","VCS_120-VCS_150",0.518518518518518,0.509175077217316,27
"106","VCS_120-VCS_160",0.296296296296296,0.465321626968075,27
"107","VCS_120-VCS_170",0.148148148148148,0.362013992898246,27
"108","VCS_120-VCS_180",0.148148148148148,0.362013992898246,27
"109","VCS_120-VCS_190",0.111111111111111,0.320256307610174,27
"110","VCS_120-VCS_20",0.111111111111111,0.320256307610174,27
"111","VCS_120-VCS_200",0.037037037037037,0.192450089729875,27
"112","VCS_120-VCS_210",0.037037037037037,0.192450089729875,27
"113","VCS_120-VCS_220",0.037037037037037,0.192450089729875,27
"114","VCS_120-VCS_230",0.0740740740740741,0.266880256341812,27
"115","VCS_120-VCS_240",0.037037037037037,0.192450089729875,27
"116","VCS_120-VCS_250",0.0740740740740741,0.266880256341812,27
"117","VCS_120-VCS_260",0.111111111111111,0.320256307610174,27
"118","VCS_120-VCS_270",0.111111111111111,0.320256307610174,27
"119","VCS_120-VCS_280",0.0740740740740741,0.266880256341812,27
"120","VCS_120-VCS_290",0.111111111111111,0.320256307610174,27
"121","VCS_120-VCS_30",0.111111111111111,0.320256307610174,27
"122","VCS_120-VCS_300",0.111111111111111,0.320256307610174,27
"123","VCS_120-VCS_310",0.111111111111111,0.320256307610174,27
"124","VCS_120-VCS_320",0.0740740740740741,0.266880256341812,27
"125","VCS_120-VCS_330",0.037037037037037,0.192450089729875,27
"126","VCS_120-VCS_340",0.0740740740740741,0.266880256341812,27
"127","VCS_120-VCS_350",0.037037037037037,0.192450089729875,27
"128","VCS_120-VCS_360",0.037037037037037,0.192450089729875,27
"129","VCS_120-VCS_40",0.148148148148148,0.362013992898246,27
"130","VCS_120-VCS_50",0.148148148148148,0.362013992898246,27
"131","VCS_120-VCS_60",0.296296296296296,0.465321626968075,27
"132","VCS_120-VCS_70",0.555555555555556,0.506369683541833,27
"133","VCS_120-VCS_80",0.777777777777778,0.423659272868162,27
"134","VCS_120-VCS_90",0.740740740740741,0.446576084704722,27
"135","VCS_130-VCS_140",0.62962962962963,0.492102877623411,27
"136","VCS_130-VCS_150",0.555555555555556,0.506369683541833,27
"137","VCS_130-VCS_160",0.37037037037037,0.492102877623411,27
"138","VCS_130-VCS_170",0.185185185185185,0.39584739066357,27
"139","VCS_130-VCS_180",0.185185185185185,0.39584739066357,27
"140","VCS_130-VCS_190",0.111111111111111,0.320256307610174,27
"141","VCS_130-VCS_20",0.111111111111111,0.320256307610174,27
"142","VCS_130-VCS_200",0.0740740740740741,0.266880256341812,27
"143","VCS_130-VCS_210",0.037037037037037,0.192450089729875,27
"144","VCS_130-VCS_220",0.037037037037037,0.192450089729875,27
"145","VCS_130-VCS_230",0.0740740740740741,0.266880256341812,27
"146","VCS_130-VCS_240",0.037037037037037,0.192450089729875,27
"147","VCS_130-VCS_250",0.0740740740740741,0.266880256341812,27
"148","VCS_130-VCS_260",0.111111111111111,0.320256307610174,27
"149","VCS_130-VCS_270",0.111111111111111,0.320256307610174,27
"150","VCS_130-VCS_280",0.0740740740740741,0.266880256341812,27
"151","VCS_130-VCS_290",0.111111111111111,0.320256307610174,27
"152","VCS_130-VCS_30",0.111111111111111,0.320256307610174,27
"153","VCS_130-VCS_300",0.111111111111111,0.320256307610174,27
"154","VCS_130-VCS_310",0.111111111111111,0.320256307610174,27
"155","VCS_130-VCS_320",0.0740740740740741,0.266880256341812,27
"156","VCS_130-VCS_330",0.037037037037037,0.192450089729875,27
"157","VCS_130-VCS_340",0.0740740740740741,0.266880256341812,27
"158","VCS_130-VCS_350",0.037037037037037,0.192450089729875,27
"159","VCS_130-VCS_360",0.037037037037037,0.192450089729875,27
"160","VCS_130-VCS_40",0.148148148148148,0.362013992898246,27
"161","VCS_130-VCS_50",0.148148148148148,0.362013992898246,27
"162","VCS_130-VCS_60",0.296296296296296,0.465321626968075,27
"163","VCS_130-VCS_70",0.481481481481481,0.509175077217316,27
"164","VCS_130-VCS_80",0.740740740740741,0.446576084704722,27
"165","VCS_130-VCS_90",0.703703703703704,0.465321626968075,27
"166","VCS_140-VCS_150",0.666666666666667,0.480384461415261,27
"167","VCS_140-VCS_160",0.518518518518518,0.509175077217316,27
"168","VCS_140-VCS_170",0.296296296296296,0.465321626968075,27
"169","VCS_140-VCS_180",0.296296296296296,0.465321626968075,27
"170","VCS_140-VCS_190",0.259259259259259,0.446576084704722,27
"171","VCS_140-VCS_20",0.111111111111111,0.320256307610174,27
"172","VCS_140-VCS_200",0.111111111111111,0.320256307610174,27
"173","VCS_140-VCS_210",0.111111111111111,0.320256307610174,27
"174","VCS_140-VCS_220",0.148148148148148,0.362013992898246,27
"175","VCS_140-VCS_230",0.148148148148148,0.362013992898246,27
"176","VCS_140-VCS_240",0.0740740740740741,0.266880256341812,27
"177","VCS_140-VCS_250",0.037037037037037,0.192450089729875,27
"178","VCS_140-VCS_260",0.148148148148148,0.362013992898246,27
"179","VCS_140-VCS_270",0.0740740740740741,0.266880256341812,27
"180","VCS_140-VCS_280",0.111111111111111,0.320256307610174,27
"181","VCS_140-VCS_290",0.0740740740740741,0.266880256341812,27
"182","VCS_140-VCS_30",0.111111111111111,0.320256307610174,27
"183","VCS_140-VCS_300",0.0740740740740741,0.266880256341812,27
"184","VCS_140-VCS_310",0.0740740740740741,0.266880256341812,27
"185","VCS_140-VCS_320",0.0740740740740741,0.266880256341812,27
"186","VCS_140-VCS_330",0.037037037037037,0.192450089729875,27
"187","VCS_140-VCS_340",0.0740740740740741,0.266880256341812,27
"188","VCS_140-VCS_350",0.037037037037037,0.192450089729875,27
"189","VCS_140-VCS_360",0.037037037037037,0.192450089729875,27
"190","VCS_140-VCS_40",0.111111111111111,0.320256307610174,27
"191","VCS_140-VCS_50",0.111111111111111,0.320256307610174,27
"192","VCS_140-VCS_60",0.222222222222222,0.423659272868162,27
"193","VCS_140-VCS_70",0.407407407407407,0.50071174413254,27
"194","VCS_140-VCS_80",0.592592592592593,0.50071174413254,27
"195","VCS_140-VCS_90",0.518518518518518,0.509175077217316,27
"196","VCS_150-VCS_160",0.777777777777778,0.423659272868162,27
"197","VCS_150-VCS_170",0.555555555555556,0.506369683541833,27
"198","VCS_150-VCS_180",0.481481481481481,0.509175077217316,27
"199","VCS_150-VCS_190",0.37037037037037,0.492102877623411,27
"200","VCS_150-VCS_20",0.0740740740740741,0.266880256341812,27
"201","VCS_150-VCS_200",0.222222222222222,0.423659272868162,27
"202","VCS_150-VCS_210",0.148148148148148,0.362013992898246,27
"203","VCS_150-VCS_220",0.148148148148148,0.362013992898246,27
"204","VCS_150-VCS_230",0.185185185185185,0.39584739066357,27
"205","VCS_150-VCS_240",0.111111111111111,0.320256307610174,27
"206","VCS_150-VCS_250",0.148148148148148,0.362013992898246,27
"207","VCS_150-VCS_260",0.111111111111111,0.320256307610174,27
"208","VCS_150-VCS_270",0.111111111111111,0.320256307610174,27
"209","VCS_150-VCS_280",0.0740740740740741,0.266880256341812,27
"210","VCS_150-VCS_290",0.111111111111111,0.320256307610174,27
"211","VCS_150-VCS_30",0.0740740740740741,0.266880256341812,27
"212","VCS_150-VCS_300",0.111111111111111,0.320256307610174,27
"213","VCS_150-VCS_310",0.111111111111111,0.320256307610174,27
"214","VCS_150-VCS_320",0,0,27
"215","VCS_150-VCS_330",0.037037037037037,0.192450089729875,27
"216","VCS_150-VCS_340",0,0,27
"217","VCS_150-VCS_350",0,0,27
"218","VCS_150-VCS_360",0,0,27
"219","VCS_150-VCS_40",0.111111111111111,0.320256307610174,27
"220","VCS_150-VCS_50",0.111111111111111,0.320256307610174,27
"221","VCS_150-VCS_60",0.185185185185185,0.39584739066357,27
"222","VCS_150-VCS_70",0.333333333333333,0.480384461415261,27
"223","VCS_150-VCS_80",0.444444444444444,0.506369683541833,27
"224","VCS_150-VCS_90",0.37037037037037,0.492102877623411,27
"225","VCS_160-VCS_170",0.777777777777778,0.423659272868162,27
"226","VCS_160-VCS_180",0.666666666666667,0.480384461415261,27
"227","VCS_160-VCS_190",0.555555555555556,0.506369683541833,27
"228","VCS_160-VCS_20",0.0740740740740741,0.266880256341812,27
"229","VCS_160-VCS_200",0.333333333333333,0.480384461415261,27
"230","VCS_160-VCS_210",0.259259259259259,0.446576084704722,27
"231","VCS_160-VCS_220",0.222222222222222,0.423659272868162,27
"232","VCS_160-VCS_230",0.259259259259259,0.446576084704722,27
"233","VCS_160-VCS_240",0.148148148148148,0.362013992898246,27
"234","VCS_160-VCS_250",0.148148148148148,0.362013992898246,27
"235","VCS_160-VCS_260",0.148148148148148,0.362013992898246,27
"236","VCS_160-VCS_270",0.0740740740740741,0.266880256341812,27
"237","VCS_160-VCS_280",0.111111111111111,0.320256307610174,27
"238","VCS_160-VCS_290",0.0740740740740741,0.266880256341812,27
"239","VCS_160-VCS_30",0.0740740740740741,0.266880256341812,27
"240","VCS_160-VCS_300",0.0740740740740741,0.266880256341812,27
"241","VCS_160-VCS_310",0.0740740740740741,0.266880256341812,27
"242","VCS_160-VCS_320",0,0,27
"243","VCS_160-VCS_330",0.037037037037037,0.192450089729875,27
"244","VCS_160-VCS_340",0,0,27
"245","VCS_160-VCS_350",0,0,27
"246","VCS_160-VCS_360",0,0,27
"247","VCS_160-VCS_40",0.0740740740740741,0.266880256341812,27
"248","VCS_160-VCS_50",0.0740740740740741,0.266880256341812,27
"249","VCS_160-VCS_60",0.148148148148148,0.362013992898246,27
"250","VCS_160-VCS_70",0.222222222222222,0.423659272868162,27
"251","VCS_160-VCS_80",0.296296296296296,0.465321626968075,27
"252","VCS_160-VCS_90",0.222222222222222,0.423659272868162,27
"253","VCS_170-VCS_180",0.814814814814815,0.39584739066357,27
"254","VCS_170-VCS_190",0.666666666666667,0.480384461415261,27
"255","VCS_170-VCS_20",0.037037037037037,0.192450089729875,27
"256","VCS_170-VCS_200",0.481481481481481,0.509175077217316,27
"257","VCS_170-VCS_210",0.333333333333333,0.480384461415261,27
"258","VCS_170-VCS_220",0.296296296296296,0.465321626968075,27
"259","VCS_170-VCS_230",0.259259259259259,0.446576084704722,27
"260","VCS_170-VCS_240",0.185185185185185,0.39584739066357,27
"261","VCS_170-VCS_250",0.185185185185185,0.39584739066357,27
"262","VCS_170-VCS_260",0.185185185185185,0.39584739066357,27
"263","VCS_170-VCS_270",0.111111111111111,0.320256307610174,27
"264","VCS_170-VCS_280",0.148148148148148,0.362013992898246,27
"265","VCS_170-VCS_290",0.111111111111111,0.320256307610174,27
"266","VCS_170-VCS_30",0.037037037037037,0.192450089729875,27
"267","VCS_170-VCS_300",0.111111111111111,0.320256307610174,27
"268","VCS_170-VCS_310",0.111111111111111,0.320256307610174,27
"269","VCS_170-VCS_320",0.037037037037037,0.192450089729875,27
"270","VCS_170-VCS_330",0.0740740740740741,0.266880256341812,27
"271","VCS_170-VCS_340",0.037037037037037,0.192450089729875,27
"272","VCS_170-VCS_350",0.037037037037037,0.192450089729875,27
"273","VCS_170-VCS_360",0.037037037037037,0.192450089729875,27
"274","VCS_170-VCS_40",0.037037037037037,0.192450089729875,27
"275","VCS_170-VCS_50",0.037037037037037,0.192450089729875,27
"276","VCS_170-VCS_60",0.0740740740740741,0.266880256341812,27
"277","VCS_170-VCS_70",0.0740740740740741,0.266880256341812,27
"278","VCS_170-VCS_80",0.111111111111111,0.320256307610174,27
"279","VCS_170-VCS_90",0.0740740740740741,0.266880256341812,27
"280","VCS_180-VCS_190",0.851851851851852,0.362013992898246,27
"281","VCS_180-VCS_20",0.0740740740740741,0.266880256341812,27
"282","VCS_180-VCS_200",0.555555555555556,0.506369683541833,27
"283","VCS_180-VCS_210",0.333333333333333,0.480384461415261,27
"284","VCS_180-VCS_220",0.259259259259259,0.446576084704722,27
"285","VCS_180-VCS_230",0.296296296296296,0.465321626968075,27
"286","VCS_180-VCS_240",0.148148148148148,0.362013992898246,27
"287","VCS_180-VCS_250",0.185185185185185,0.39584739066357,27
"288","VCS_180-VCS_260",0.111111111111111,0.320256307610174,27
"289","VCS_180-VCS_270",0.0740740740740741,0.266880256341812,27
"290","VCS_180-VCS_280",0.111111111111111,0.320256307610174,27
"291","VCS_180-VCS_290",0.0740740740740741,0.266880256341812,27
"292","VCS_180-VCS_30",0.0740740740740741,0.266880256341812,27
"293","VCS_180-VCS_300",0.0740740740740741,0.266880256341812,27
"294","VCS_180-VCS_310",0.0740740740740741,0.266880256341812,27
"295","VCS_180-VCS_320",0,0,27
"296","VCS_180-VCS_330",0.037037037037037,0.192450089729875,27
"297","VCS_180-VCS_340",0,0,27
"298","VCS_180-VCS_350",0,0,27
"299","VCS_180-VCS_360",0,0,27
"300","VCS_180-VCS_40",0.0740740740740741,0.266880256341812,27
"301","VCS_180-VCS_50",0.0740740740740741,0.266880256341812,27
"302","VCS_180-VCS_60",0.0740740740740741,0.266880256341812,27
"303","VCS_180-VCS_70",0.0740740740740741,0.266880256341812,27
"304","VCS_180-VCS_80",0.111111111111111,0.320256307610174,27
"305","VCS_180-VCS_90",0.111111111111111,0.320256307610174,27
"306","VCS_190-VCS_20",0.0740740740740741,0.266880256341812,27
"307","VCS_190-VCS_200",0.703703703703704,0.465321626968075,27
"308","VCS_190-VCS_210",0.407407407407407,0.50071174413254,27
"309","VCS_190-VCS_220",0.296296296296296,0.465321626968075,27
"310","VCS_190-VCS_230",0.296296296296296,0.465321626968075,27
"311","VCS_190-VCS_240",0.148148148148148,0.362013992898246,27
"312","VCS_190-VCS_250",0.185185185185185,0.39584739066357,27
"313","VCS_190-VCS_260",0.148148148148148,0.362013992898246,27
"314","VCS_190-VCS_270",0.111111111111111,0.320256307610174,27
"315","VCS_190-VCS_280",0.148148148148148,0.362013992898246,27
"316","VCS_190-VCS_290",0.111111111111111,0.320256307610174,27
"317","VCS_190-VCS_30",0.0740740740740741,0.266880256341812,27
"318","VCS_190-VCS_300",0.111111111111111,0.320256307610174,27
"319","VCS_190-VCS_310",0.111111111111111,0.320256307610174,27
"320","VCS_190-VCS_320",0.037037037037037,0.192450089729875,27
"321","VCS_190-VCS_330",0.037037037037037,0.192450089729875,27
"322","VCS_190-VCS_340",0.037037037037037,0.192450089729875,27
"323","VCS_190-VCS_350",0.0740740740740741,0.266880256341812,27
"324","VCS_190-VCS_360",0.0740740740740741,0.266880256341812,27
"325","VCS_190-VCS_40",0.0740740740740741,0.266880256341812,27
"326","VCS_190-VCS_50",0.0740740740740741,0.266880256341812,27
"327","VCS_190-VCS_60",0.0740740740740741,0.266880256341812,27
"328","VCS_190-VCS_70",0.037037037037037,0.192450089729875,27
"329","VCS_190-VCS_80",0.0740740740740741,0.266880256341812,27
"330","VCS_190-VCS_90",0.0740740740740741,0.266880256341812,27
"331","VCS_20-VCS_200",0.0740740740740741,0.266880256341812,27
"332","VCS_20-VCS_210",0.037037037037037,0.192450089729875,27
"333","VCS_20-VCS_220",0.037037037037037,0.192450089729875,27
"334","VCS_20-VCS_230",0.0740740740740741,0.266880256341812,27
"335","VCS_20-VCS_240",0.037037037037037,0.192450089729875,27
"336","VCS_20-VCS_250",0,0,27
"337","VCS_20-VCS_260",0,0,27
"338","VCS_20-VCS_270",0,0,27
"339","VCS_20-VCS_280",0,0,27
"340","VCS_20-VCS_290",0,0,27
"341","VCS_20-VCS_30",0.888888888888889,0.320256307610174,27
"342","VCS_20-VCS_300",0.0740740740740741,0.266880256341812,27
"343","VCS_20-VCS_310",0.111111111111111,0.320256307610174,27
"344","VCS_20-VCS_320",0.259259259259259,0.446576084704722,27
"345","VCS_20-VCS_330",0.296296296296296,0.465321626968075,27
"346","VCS_20-VCS_340",0.37037037037037,0.492102877623411,27
"347","VCS_20-VCS_350",0.444444444444444,0.506369683541833,27
"348","VCS_20-VCS_360",0.481481481481481,0.509175077217316,27
"349","VCS_20-VCS_40",0.814814814814815,0.39584739066357,27
"350","VCS_20-VCS_50",0.777777777777778,0.423659272868162,27
"351","VCS_20-VCS_60",0.592592592592593,0.50071174413254,27
"352","VCS_20-VCS_70",0.37037037037037,0.492102877623411,27
"353","VCS_20-VCS_80",0.111111111111111,0.320256307610174,27
"354","VCS_20-VCS_90",0.111111111111111,0.320256307610174,27
"355","VCS_200-VCS_210",0.703703703703704,0.465321626968075,27
"356","VCS_200-VCS_220",0.37037037037037,0.492102877623411,27
"357","VCS_200-VCS_230",0.37037037037037,0.492102877623411,27
"358","VCS_200-VCS_240",0.296296296296296,0.465321626968075,27
"359","VCS_200-VCS_250",0.222222222222222,0.423659272868162,27
"360","VCS_200-VCS_260",0.185185185185185,0.39584739066357,27
"361","VCS_200-VCS_270",0.185185185185185,0.39584739066357,27
"362","VCS_200-VCS_280",0.185185185185185,0.39584739066357,27
"363","VCS_200-VCS_290",0.222222222222222,0.423659272868162,27
"364","VCS_200-VCS_30",0.0740740740740741,0.266880256341812,27
"365","VCS_200-VCS_300",0.222222222222222,0.423659272868162,27
"366","VCS_200-VCS_310",0.185185185185185,0.39584739066357,27
"367","VCS_200-VCS_320",0.111111111111111,0.320256307610174,27
"368","VCS_200-VCS_330",0.111111111111111,0.320256307610174,27
"369","VCS_200-VCS_340",0.111111111111111,0.320256307610174,27
"370","VCS_200-VCS_350",0.185185185185185,0.39584739066357,27
"371","VCS_200-VCS_360",0.185185185185185,0.39584739066357,27
"372","VCS_200-VCS_40",0.037037037037037,0.192450089729875,27
"373","VCS_200-VCS_50",0.037037037037037,0.192450089729875,27
"374","VCS_200-VCS_60",0.037037037037037,0.192450089729875,27
"375","VCS_200-VCS_70",0,0,27
"376","VCS_200-VCS_80",0.037037037037037,0.192450089729875,27
"377","VCS_200-VCS_90",0.037037037037037,0.192450089729875,27
"378","VCS_210-VCS_220",0.666666666666667,0.480384461415261,27
"379","VCS_210-VCS_230",0.666666666666667,0.480384461415261,27
"380","VCS_210-VCS_240",0.481481481481481,0.509175077217316,27
"381","VCS_210-VCS_250",0.333333333333333,0.480384461415261,27
"382","VCS_210-VCS_260",0.259259259259259,0.446576084704722,27
"383","VCS_210-VCS_270",0.259259259259259,0.446576084704722,27
"384","VCS_210-VCS_280",0.259259259259259,0.446576084704722,27
"385","VCS_210-VCS_290",0.296296296296296,0.465321626968075,27
"386","VCS_210-VCS_30",0.037037037037037,0.192450089729875,27
"387","VCS_210-VCS_300",0.296296296296296,0.465321626968075,27
"388","VCS_210-VCS_310",0.222222222222222,0.423659272868162,27
"389","VCS_210-VCS_320",0.111111111111111,0.320256307610174,27
"390","VCS_210-VCS_330",0.148148148148148,0.362013992898246,27
"391","VCS_210-VCS_340",0.111111111111111,0.320256307610174,27
"392","VCS_210-VCS_350",0.148148148148148,0.362013992898246,27
"393","VCS_210-VCS_360",0.148148148148148,0.362013992898246,27
"394","VCS_210-VCS_40",0,0,27
"395","VCS_210-VCS_50",0,0,27
"396","VCS_210-VCS_60",0,0,27
"397","VCS_210-VCS_70",0,0,27
"398","VCS_210-VCS_80",0.037037037037037,0.192450089729875,27
"399","VCS_210-VCS_90",0.037037037037037,0.192450089729875,27
"400","VCS_220-VCS_230",0.777777777777778,0.423659272868162,27
"401","VCS_220-VCS_240",0.518518518518518,0.509175077217316,27
"402","VCS_220-VCS_250",0.407407407407407,0.50071174413254,27
"403","VCS_220-VCS_260",0.333333333333333,0.480384461415261,27
"404","VCS_220-VCS_270",0.296296296296296,0.465321626968075,27
"405","VCS_220-VCS_280",0.333333333333333,0.480384461415261,27
"406","VCS_220-VCS_290",0.296296296296296,0.465321626968075,27
"407","VCS_220-VCS_30",0.037037037037037,0.192450089729875,27
"408","VCS_220-VCS_300",0.296296296296296,0.465321626968075,27
"409","VCS_220-VCS_310",0.222222222222222,0.423659272868162,27
"410","VCS_220-VCS_320",0.0740740740740741,0.266880256341812,27
"411","VCS_220-VCS_330",0.111111111111111,0.320256307610174,27
"412","VCS_220-VCS_340",0.111111111111111,0.320256307610174,27
"413","VCS_220-VCS_350",0.111111111111111,0.320256307610174,27
"414","VCS_220-VCS_360",0.111111111111111,0.320256307610174,27
"415","VCS_220-VCS_40",0.0740740740740741,0.266880256341812,27
"416","VCS_220-VCS_50",0.0740740740740741,0.266880256341812,27
"417","VCS_220-VCS_60",0.0740740740740741,0.266880256341812,27
"418","VCS_220-VCS_70",0.037037037037037,0.192450089729875,27
"419","VCS_220-VCS_80",0.037037037037037,0.192450089729875,27
"420","VCS_220-VCS_90",0.037037037037037,0.192450089729875,27
"421","VCS_230-VCS_240",0.592592592592593,0.50071174413254,27
"422","VCS_230-VCS_250",0.37037037037037,0.492102877623411,27
"423","VCS_230-VCS_260",0.333333333333333,0.480384461415261,27
"424","VCS_230-VCS_270",0.333333333333333,0.480384461415261,27
"425","VCS_230-VCS_280",0.333333333333333,0.480384461415261,27
"426","VCS_230-VCS_290",0.333333333333333,0.480384461415261,27
"427","VCS_230-VCS_30",0.0740740740740741,0.266880256341812,27
"428","VCS_230-VCS_300",0.333333333333333,0.480384461415261,27
"429","VCS_230-VCS_310",0.259259259259259,0.446576084704722,27
"430","VCS_230-VCS_320",0.111111111111111,0.320256307610174,27
"431","VCS_230-VCS_330",0.111111111111111,0.320256307610174,27
"432","VCS_230-VCS_340",0.0740740740740741,0.266880256341812,27
"433","VCS_230-VCS_350",0.0740740740740741,0.266880256341812,27
"434","VCS_230-VCS_360",0.0740740740740741,0.266880256341812,27
"435","VCS_230-VCS_40",0.0740740740740741,0.266880256341812,27
"436","VCS_230-VCS_50",0.0740740740740741,0.266880256341812,27
"437","VCS_230-VCS_60",0.0740740740740741,0.266880256341812,27
"438","VCS_230-VCS_70",0.0740740740740741,0.266880256341812,27
"439","VCS_230-VCS_80",0.0740740740740741,0.266880256341812,27
"440","VCS_230-VCS_90",0.0740740740740741,0.266880256341812,27
"441","VCS_240-VCS_250",0.703703703703704,0.465321626968075,27
"442","VCS_240-VCS_260",0.666666666666667,0.480384461415261,27
"443","VCS_240-VCS_270",0.62962962962963,0.492102877623411,27
"444","VCS_240-VCS_280",0.592592592592593,0.50071174413254,27
"445","VCS_240-VCS_290",0.592592592592593,0.50071174413254,27
"446","VCS_240-VCS_30",0.037037037037037,0.192450089729875,27
"447","VCS_240-VCS_300",0.555555555555556,0.506369683541833,27
"448","VCS_240-VCS_310",0.407407407407407,0.50071174413254,27
"449","VCS_240-VCS_320",0.185185185185185,0.39584739066357,27
"450","VCS_240-VCS_330",0.185185185185185,0.39584739066357,27
"451","VCS_240-VCS_340",0.111111111111111,0.320256307610174,27
"452","VCS_240-VCS_350",0.111111111111111,0.320256307610174,27
"453","VCS_240-VCS_360",0.111111111111111,0.320256307610174,27
"454","VCS_240-VCS_40",0,0,27
"455","VCS_240-VCS_50",0.037037037037037,0.192450089729875,27
"456","VCS_240-VCS_60",0.037037037037037,0.192450089729875,27
"457","VCS_240-VCS_70",0,0,27
"458","VCS_240-VCS_80",0.037037037037037,0.192450089729875,27
"459","VCS_240-VCS_90",0.037037037037037,0.192450089729875,27
"460","VCS_250-VCS_260",0.703703703703704,0.465321626968075,27
"461","VCS_250-VCS_270",0.740740740740741,0.446576084704722,27
"462","VCS_250-VCS_280",0.666666666666667,0.480384461415261,27
"463","VCS_250-VCS_290",0.703703703703704,0.465321626968075,27
"464","VCS_250-VCS_30",0,0,27
"465","VCS_250-VCS_300",0.666666666666667,0.480384461415261,27
"466","VCS_250-VCS_310",0.481481481481481,0.509175077217316,27
"467","VCS_250-VCS_320",0.222222222222222,0.423659272868162,27
"468","VCS_250-VCS_330",0.185185185185185,0.39584739066357,27
"469","VCS_250-VCS_340",0.0740740740740741,0.266880256341812,27
"470","VCS_250-VCS_350",0.0740740740740741,0.266880256341812,27
"471","VCS_250-VCS_360",0.0740740740740741,0.266880256341812,27
"472","VCS_250-VCS_40",0.037037037037037,0.192450089729875,27
"473","VCS_250-VCS_50",0.0740740740740741,0.266880256341812,27
"474","VCS_250-VCS_60",0.0740740740740741,0.266880256341812,27
"475","VCS_250-VCS_70",0.037037037037037,0.192450089729875,27
"476","VCS_250-VCS_80",0.0740740740740741,0.266880256341812,27
"477","VCS_250-VCS_90",0.0740740740740741,0.266880256341812,27
"478","VCS_260-VCS_270",0.851851851851852,0.362013992898246,27
"479","VCS_260-VCS_280",0.851851851851852,0.362013992898246,27
"480","VCS_260-VCS_290",0.814814814814815,0.39584739066357,27
"481","VCS_260-VCS_30",0,0,27
"482","VCS_260-VCS_300",0.740740740740741,0.446576084704722,27
"483","VCS_260-VCS_310",0.62962962962963,0.492102877623411,27
"484","VCS_260-VCS_320",0.296296296296296,0.465321626968075,27
"485","VCS_260-VCS_330",0.185185185185185,0.39584739066357,27
"486","VCS_260-VCS_340",0.148148148148148,0.362013992898246,27
"487","VCS_260-VCS_350",0.111111111111111,0.320256307610174,27
"488","VCS_260-VCS_360",0.0740740740740741,0.266880256341812,27
"489","VCS_260-VCS_40",0,0,27
"490","VCS_260-VCS_50",0.037037037037037,0.192450089729875,27
"491","VCS_260-VCS_60",0.0740740740740741,0.266880256341812,27
"492","VCS_260-VCS_70",0.0740740740740741,0.266880256341812,27
"493","VCS_260-VCS_80",0.111111111111111,0.320256307610174,27
"494","VCS_260-VCS_90",0.0740740740740741,0.266880256341812,27
"495","VCS_270-VCS_280",0.925925925925926,0.266880256341812,27
"496","VCS_270-VCS_290",0.925925925925926,0.266880256341812,27
"497","VCS_270-VCS_30",0,0,27
"498","VCS_270-VCS_300",0.814814814814815,0.39584739066357,27
"499","VCS_270-VCS_310",0.666666666666667,0.480384461415261,27
"500","VCS_270-VCS_320",0.333333333333333,0.480384461415261,27
"501","VCS_270-VCS_330",0.148148148148148,0.362013992898246,27
"502","VCS_270-VCS_340",0.111111111111111,0.320256307610174,27
"503","VCS_270-VCS_350",0.0740740740740741,0.266880256341812,27
"504","VCS_270-VCS_360",0.0740740740740741,0.266880256341812,27
"505","VCS_270-VCS_40",0.037037037037037,0.192450089729875,27
"506","VCS_270-VCS_50",0.037037037037037,0.192450089729875,27
"507","VCS_270-VCS_60",0.037037037037037,0.192450089729875,27
"508","VCS_270-VCS_70",0.0740740740740741,0.266880256341812,27
"509","VCS_270-VCS_80",0.111111111111111,0.320256307610174,27
"510","VCS_270-VCS_90",0.111111111111111,0.320256307610174,27
"511","VCS_280-VCS_290",0.925925925925926,0.266880256341812,27
"512","VCS_280-VCS_30",0,0,27
"513","VCS_280-VCS_300",0.814814814814815,0.39584739066357,27
"514","VCS_280-VCS_310",0.666666666666667,0.480384461415261,27
"515","VCS_280-VCS_320",0.37037037037037,0.492102877623411,27
"516","VCS_280-VCS_330",0.185185185185185,0.39584739066357,27
"517","VCS_280-VCS_340",0.148148148148148,0.362013992898246,27
"518","VCS_280-VCS_350",0.0740740740740741,0.266880256341812,27
"519","VCS_280-VCS_360",0.0740740740740741,0.266880256341812,27
"520","VCS_280-VCS_40",0,0,27
"521","VCS_280-VCS_50",0,0,27
"522","VCS_280-VCS_60",0,0,27
"523","VCS_280-VCS_70",0.037037037037037,0.192450089729875,27
"524","VCS_280-VCS_80",0.0740740740740741,0.266880256341812,27
"525","VCS_280-VCS_90",0.0740740740740741,0.266880256341812,27
"526","VCS_290-VCS_30",0,0,27
"527","VCS_290-VCS_300",0.888888888888889,0.320256307610174,27
"528","VCS_290-VCS_310",0.703703703703704,0.465321626968075,27
"529","VCS_290-VCS_320",0.37037037037037,0.492102877623411,27
"530","VCS_290-VCS_330",0.185185185185185,0.39584739066357,27
"531","VCS_290-VCS_340",0.148148148148148,0.362013992898246,27
"532","VCS_290-VCS_350",0.0740740740740741,0.266880256341812,27
"533","VCS_290-VCS_360",0.0740740740740741,0.266880256341812,27
"534","VCS_290-VCS_40",0.037037037037037,0.192450089729875,27
"535","VCS_290-VCS_50",0.037037037037037,0.192450089729875,27
"536","VCS_290-VCS_60",0.037037037037037,0.192450089729875,27
"537","VCS_290-VCS_70",0.0740740740740741,0.266880256341812,27
"538","VCS_290-VCS_80",0.111111111111111,0.320256307610174,27
"539","VCS_290-VCS_90",0.111111111111111,0.320256307610174,27
"540","VCS_30-VCS_300",0.037037037037037,0.192450089729875,27
"541","VCS_30-VCS_310",0.111111111111111,0.320256307610174,27
"542","VCS_30-VCS_320",0.222222222222222,0.423659272868162,27
"543","VCS_30-VCS_330",0.259259259259259,0.446576084704722,27
"544","VCS_30-VCS_340",0.333333333333333,0.480384461415261,27
"545","VCS_30-VCS_350",0.444444444444444,0.506369683541833,27
"546","VCS_30-VCS_360",0.444444444444444,0.506369683541833,27
"547","VCS_30-VCS_40",0.814814814814815,0.39584739066357,27
"548","VCS_30-VCS_50",0.814814814814815,0.39584739066357,27
"549","VCS_30-VCS_60",0.555555555555556,0.506369683541833,27
"550","VCS_30-VCS_70",0.333333333333333,0.480384461415261,27
"551","VCS_30-VCS_80",0.111111111111111,0.320256307610174,27
"552","VCS_30-VCS_90",0.148148148148148,0.362013992898246,27
"553","VCS_300-VCS_310",0.740740740740741,0.446576084704722,27
"554","VCS_300-VCS_320",0.444444444444444,0.506369683541833,27
"555","VCS_300-VCS_330",0.259259259259259,0.446576084704722,27
"556","VCS_300-VCS_340",0.185185185185185,0.39584739066357,27
"557","VCS_300-VCS_350",0.111111111111111,0.320256307610174,27
"558","VCS_300-VCS_360",0.111111111111111,0.320256307610174,27
"559","VCS_300-VCS_40",0.037037037037037,0.192450089729875,27
"560","VCS_300-VCS_50",0.037037037037037,0.192450089729875,27
"561","VCS_300-VCS_60",0.037037037037037,0.192450089729875,27
"562","VCS_300-VCS_70",0.0740740740740741,0.266880256341812,27
"563","VCS_300-VCS_80",0.111111111111111,0.320256307610174,27
"564","VCS_300-VCS_90",0.111111111111111,0.320256307610174,27
"565","VCS_310-VCS_320",0.555555555555556,0.506369683541833,27
"566","VCS_310-VCS_330",0.407407407407407,0.50071174413254,27
"567","VCS_310-VCS_340",0.333333333333333,0.480384461415261,27
"568","VCS_310-VCS_350",0.296296296296296,0.465321626968075,27
"569","VCS_310-VCS_360",0.259259259259259,0.446576084704722,27
"570","VCS_310-VCS_40",0.111111111111111,0.320256307610174,27
"571","VCS_310-VCS_50",0.111111111111111,0.320256307610174,27
"572","VCS_310-VCS_60",0.0740740740740741,0.266880256341812,27
"573","VCS_310-VCS_70",0.0740740740740741,0.266880256341812,27
"574","VCS_310-VCS_80",0.111111111111111,0.320256307610174,27
"575","VCS_310-VCS_90",0.111111111111111,0.320256307610174,27
"576","VCS_320-VCS_330",0.777777777777778,0.423659272868162,27
"577","VCS_320-VCS_340",0.703703703703704,0.465321626968075,27
"578","VCS_320-VCS_350",0.592592592592593,0.50071174413254,27
"579","VCS_320-VCS_360",0.592592592592593,0.50071174413254,27
"580","VCS_320-VCS_40",0.185185185185185,0.39584739066357,27
"581","VCS_320-VCS_50",0.185185185185185,0.39584739066357,27
"582","VCS_320-VCS_60",0.148148148148148,0.362013992898246,27
"583","VCS_320-VCS_70",0.148148148148148,0.362013992898246,27
"584","VCS_320-VCS_80",0.0740740740740741,0.266880256341812,27
"585","VCS_320-VCS_90",0.0740740740740741,0.266880256341812,27
"586","VCS_330-VCS_340",0.851851851851852,0.362013992898246,27
"587","VCS_330-VCS_350",0.703703703703704,0.465321626968075,27
"588","VCS_330-VCS_360",0.666666666666667,0.480384461415261,27
"589","VCS_330-VCS_40",0.222222222222222,0.423659272868162,27
"590","VCS_330-VCS_50",0.222222222222222,0.423659272868162,27
"591","VCS_330-VCS_60",0.185185185185185,0.39584739066357,27
"592","VCS_330-VCS_70",0.111111111111111,0.320256307610174,27
"593","VCS_330-VCS_80",0.037037037037037,0.192450089729875,27
"594","VCS_330-VCS_90",0.037037037037037,0.192450089729875,27
"595","VCS_340-VCS_350",0.814814814814815,0.39584739066357,27
"596","VCS_340-VCS_360",0.777777777777778,0.423659272868162,27
"597","VCS_340-VCS_40",0.296296296296296,0.465321626968075,27
"598","VCS_340-VCS_50",0.296296296296296,0.465321626968075,27
"599","VCS_340-VCS_60",0.259259259259259,0.446576084704722,27
"600","VCS_340-VCS_70",0.148148148148148,0.362013992898246,27
"601","VCS_340-VCS_80",0.0740740740740741,0.266880256341812,27
"602","VCS_340-VCS_90",0.0740740740740741,0.266880256341812,27
"603","VCS_350-VCS_360",0.962962962962963,0.192450089729875,27
"604","VCS_350-VCS_40",0.333333333333333,0.480384461415261,27
"605","VCS_350-VCS_50",0.333333333333333,0.480384461415261,27
"606","VCS_350-VCS_60",0.296296296296296,0.465321626968075,27
"607","VCS_350-VCS_70",0.111111111111111,0.320256307610174,27
"608","VCS_350-VCS_80",0.037037037037037,0.192450089729875,27
"609","VCS_350-VCS_90",0.037037037037037,0.192450089729875,27
"610","VCS_360-VCS_40",0.333333333333333,0.480384461415261,27
"611","VCS_360-VCS_50",0.333333333333333,0.480384461415261,27
"612","VCS_360-VCS_60",0.296296296296296,0.465321626968075,27
"613","VCS_360-VCS_70",0.111111111111111,0.320256307610174,27
"614","VCS_360-VCS_80",0.037037037037037,0.192450089729875,27
"615","VCS_360-VCS_90",0.037037037037037,0.192450089729875,27
"616","VCS_40-VCS_50",0.925925925925926,0.266880256341812,27
"617","VCS_40-VCS_60",0.740740740740741,0.446576084704722,27
"618","VCS_40-VCS_70",0.481481481481481,0.509175077217316,27
"619","VCS_40-VCS_80",0.148148148148148,0.362013992898246,27
"620","VCS_40-VCS_90",0.185185185185185,0.39584739066357,27
"621","VCS_50-VCS_60",0.740740740740741,0.446576084704722,27
"622","VCS_50-VCS_70",0.444444444444444,0.506369683541833,27
"623","VCS_50-VCS_80",0.148148148148148,0.362013992898246,27
"624","VCS_50-VCS_90",0.185185185185185,0.39584739066357,27
"625","VCS_60-VCS_70",0.62962962962963,0.492102877623411,27
"626","VCS_60-VCS_80",0.37037037037037,0.492102877623411,27
"627","VCS_60-VCS_90",0.333333333333333,0.480384461415261,27
"628","VCS_70-VCS_80",0.666666666666667,0.480384461415261,27
"629","VCS_70-VCS_90",0.555555555555556,0.506369683541833,27
"630","VCS_80-VCS_90",0.888888888888889,0.320256307610174,27
